id;fio
1;Иванов Александр Сергеевич
2;Петрова Екатерина Викторовна
3;Сидоров Дмитрий Алексеевич
4;Кузнецова Анна Павловна
5;Смирнов Игорь Николаевич
6;Васильева Ольга Дмитриевна
7;Попов Владимир Иванович
8;Новикова Татьяна Сергеевна
9;Лебедев Андрей Владимирович
10;Козлова Марина Александровна
11;Морозов Павел Олегович
12;Волкова Елена Викторовна
13;Алексеев Сергей Петрович
14;Захарова Ирина Анатольевна
15;Павлов Алексей Дмитриевич
16;Семенова Надежда Игоревна
17;Григорьев Виктор Сергеевич
18;Борисова Людмила Васильевна
19;Киселев Артем Андреевич
20;Макарова Юлия Павловна
21;Федоров Николай Александрович
22;Дмитриева Светлана Олеговна
23;Орлов Станислав Викторович
24;Антонова Валентина Ивановна
25;Тарасов Евгений Николаевич
26;Жукова Анастасия Дмитриевна
27;Белов Константин Алексеевич
28;Ковалева Екатерина Сергеевна
29;Ильин Артем Владимирович
30;Герасимова Ольга Андреевна
31;Тимофеев Денис Павлович
32;Савельева Тамара Викторовна
33;Комарова Виктория Игоревна
34;Никитин Александр Олегович
35;Фролова Наталья Сергеевна
36;Максимов Иван Дмитриевич
37;Егорова Любовь Анатольевна
38;Куликов Андрей Николаевич
39;Романова Елена Владимировна
40;Соколов Михаил Александрович
41;Абрамова Анна Павловна
42;Богданов Сергей Викторович
43;Власова Ирина Олеговна
44;Зотов Алексей Иванович
45;Крылова Мария Дмитриевна
46;Лазарев Дмитрий Сергеевич
47;Медведева Татьяна Андреевна
48;Назаров Виктор Николаевич
49;Осипова Оксана Викторовна
50;Поляков Артем Алексеевич
51;Руднева Екатерина Игоревна
52;Савин Игорь Владимирович
53;Тихонова Надежда Павловна
54;Устинов Павел Дмитриевич
55;Хромова Людмила Сергеевна
56;Цветков Андрей Александрович
57;Чернова Анна Викторовна
58;Широков Владимир Олегович
59;Щербакова Ольга Николаевна
60;Яковлев Денис Анатольевич
61;Афанасьев Игорь Сергеевич
62;Березина Елена Владимировна
63;Гаврилов Алексей Петрович
64;Данилова Марина Игоревна
65;Ермаков Виктор Александрович
66;Жданова Татьяна Олеговна
67;Зимин Николай Дмитриевич
68;Исаева Валентина Павловна
69;Капустин Артем Викторович
70;Логинова Анна Сергеевна
71;Миронов Владимир Николаевич
72;Носова Екатерина Алексеевна
73;Овчинников Дмитрий Андреевич
74;Прохорова Ирина Викторовна
75;Рогов Александр Олегович
76;Селиванова Наталья Дмитриевна
77;Трофимов Сергей Павлович
78;Уварова Ольга Игоревна
79;Фомичев Андрей Николаевич
80;Харитонова Людмила Александровна
81;Царев Дмитрий Викторович
82;Чижов Иван Сергеевич
83;Шестакова Елена Павловна
84;Щукин Алексей Владимирович
85;Юдина Татьяна Олеговна
86;Якушев Виктор Дмитриевич
87;Агеев Артем Николаевич
88;Баранова Ирина Александровна
89;Воронов Сергей Викторович
90;Голубева Марина Павловна
91;Дорофеев Дмитрий Алексеевич
92;Ефимова Анна Игоревна
93;Журавлев Владимир Олегович
94;Зайцева Ольга Сергеевна
95;Игнатьев Алексей Николаевич
96;Казакова Елена Викторовна
97;Леонтьев Павел Дмитриевич
98;Матвеева Татьяна Александровна
99;Никонов Игорь Олегович
100;Одинцова Надежда Павловна
101;Панфилов Андрей Викторович
102;Рябова Ирина Дмитриевна
103;Сазонов Владимир Сергеевич
104;Терехова Екатерина Алексеевна
105;Ульянов Дмитрий Николаевич
106;Федотова Марина Олеговна
107;Худяков Алексей Иванович
108;Цыганова Анна Викторовна
109;Чернышев Сергей Павлович
110;Шарапова Ольга Александровна
111;Щеглов Дмитрий Викторович
112;Юрьева Елена Сергеевна
113;Яшин Игорь Алексеевич
114;Алехин Виктор Николаевич
115;Бирюкова Татьяна Олеговна
116;Виноградов Алексей Дмитриевич
117;Гусева Анна Павловна
118;Демин Сергей Викторович
119;Еремина Ольга Игоревна
120;Жилин Дмитрий Александрович
121;Завьялова Екатерина Сергеевна
122;Ильюшенко Андрей Олегович
123;Калашников Виктор Павлович
124;Лыкова Марина Дмитриевна
125;Майоров Игорь Николаевич
126;Нестерова Анна Викторовна
127;Орехов Дмитрий Сергеевич
128;Панова Людмила Александровна
129;Репин Алексей Владимирович
130;Сорокина Татьяна Олеговна
131;Туманов Виктор Дмитриевич
132;Ушакова Елена Павловна
133;Филиппов Сергей Алексеевич
134;Хомякова Ирина Николаевна
135;Цветаева Анна Викторовна
136;Черепанов Дмитрий Олегович
137;Шубина Ольга Сергеевна
138;Щепкина Елена Александровна
139;Юрков Павел Викторович
140;Яковлева Наталья Дмитриевна
141;Анисимов Игорь Павлович
142;Блохина Екатерина Олеговна
143;Васютин Владимир Сергеевич
144;Гришина Анна Викторовна
145;Демидова Татьяна Александровна
146;Егоров Дмитрий Николаевич
147;Жарова Ольга Игоревна
148;Зуев Алексей Дмитриевич
149;Иванкова Марина Павловна
150;Каретников Виктор Олегович
151;Лопухин Сергей Александрович
152;Маслова Елена Викторовна
153;Наумов Дмитрий Сергеевич
154;Олейникова Анна Дмитриевна
155;Пахомов Игорь Викторович
156;Родионова Ольга Павловна
157;Сафонов Алексей Николаевич
158;Тимофеева Екатерина Олеговна
159;Уваров Виктор Александрович
160;Фролов Дмитрий Сергеевич
161;Храмова Ирина Викторовна
162;Цыбульский Андрей Павлович
163;Черкасов Сергей Дмитриевич
164;Шевцова Анна Олеговна
165;Щербина Владимир Николаевич
166;Юдин Алексей Викторович
167;Якушева Татьяна Сергеевна
168;Астафьев Дмитрий Олегович
169;Белкина Елена Александровна
170;Воронин Павел Викторович
171;Галкина Анна Игоревна
172;Дроздов Сергей Павлович
173;Елисеева Ольга Дмитриевна
174;Жуков Игорь Николаевич
175;Золотова Марина Викторовна
176;Исаков Алексей Сергеевич
177;Калашникова Елена Олеговна
178;Львов Дмитрий Александрович
179;Маркова Татьяна Павловна
180;Никифоров Виктор Дмитриевич
181;Овсянникова Анна Сергеевна
182;Плотников Андрей Олегович
183;Романенко Елена Викторовна
184;Степанов Игорь Николаевич
185;Токарева Ольга Александровна
186;Ульянова Марина Павловна
187;Федосеев Дмитрий Викторович
188;Халилова Ирина Олеговна
189;Цаплин Алексей Дмитриевич
190;Чернов Андрей Павлович
191;Шмелева Екатерина Сергеевна
192;Щукина Анна Викторовна
193;Юрченко Дмитрий Олегович
194;Яковенко Ольга Николаевна
195;Абрамов Виктор Сергеевич
196;Басова Елена Дмитриевна
197;Володин Алексей Павлович
198;Гончарова Анна Олеговна
199;Давыдов Дмитрий Викторович
200;Емельянова Татьяна Александровна
201;Жилина Ольга Сергеевна
202;Зверев Игорь Николаевич
203;Игнатова Екатерина Павловна
204;Карпов Виктор Дмитриевич
205;Леонова Анна Викторовна
206;Михеев Дмитрий Олегович
207;Новиков Сергей Александрович
208;Орлова Елена Дмитриевна
209;Прокофьев Алексей Викторович
210;Рыжова Татьяна Олеговна
211;Симонов Виктор Павлович
212;Тихомирова Анна Сергеевна
213;Успенский Дмитрий Николаевич
214;Филимонова Ольга Александровна
215;Холодов Игорь Викторович